{
  "name": "Alternating Cable Shoulder Press",
  "force": "push",
  "level": "beginner",
  "mechanic": "compound",
  "equipment": "cable",
  "primaryMuscles": [
    "shoulders"
  ],
  "secondaryMuscles": [
    "triceps"
  ],
  "instructions": [
    "Move the cables to the bottom of the tower and select an appropriate weight.",
    "Grasp the cables and hold them at shoulder height, palms facing forward. This will be your starting position.",
    "Keeping your head and chest up, extend through the elbow to press one side directly over head.",
    "After pausing at the top, return to the starting position and repeat on the opposite side."
  ],
  "category": "strength",
  "images": [
    "Alternating_Cable_Shoulder_Press/0.jpg",
    "Alternating_Cable_Shoulder_Press/1.jpg"
  ],
  "id": "Alternating_Cable_Shoulder_Press"
}