{
  "name": "Alternate Incline Dumbbell Curl",
  "force": "pull",
  "level": "beginner",
  "mechanic": "isolation",
  "equipment": "dumbbell",
  "primaryMuscles": [
    "biceps"
  ],
  "secondaryMuscles": [
    "forearms"
  ],
  "instructions": [
    "Sit down on an incline bench with a dumbbell in each hand being held at arms length. Tip: Keep the elbows close to the torso.This will be your starting position.",
    "While holding the upper arm stationary, curl the right weight forward while contracting the biceps as you breathe out. As you do so, rotate the hand so that the palm is facing up. Continue the movement until your biceps is fully contracted and the dumbbells are at shoulder level. Hold the contracted position for a second as you squeeze the biceps. Tip: Only the forearms should move.",
    "Slowly begin to bring the dumbbell back to starting position as your breathe in.",
    "Repeat the movement with the left hand. This equals one repetition.",
    "Continue alternating in this manner for the recommended amount of repetitions."
  ],
  "category": "strength",
  "images": [
    "Alternate_Incline_Dumbbell_Curl/0.jpg",
    "Alternate_Incline_Dumbbell_Curl/1.jpg"
  ],
  "id": "Alternate_Incline_Dumbbell_Curl"
}