{
  "name": "Anterior Tibialis-SMR",
  "force": "static",
  "level": "intermediate",
  "mechanic": null,
  "equipment": "other",
  "primaryMuscles": [
    "calves"
  ],
  "secondaryMuscles": [

  ],
  "instructions": [
    "Begin seated on the ground with your legs bent and your feet on the floor.",
    "Using a Muscle Roller or a rolling pin, apply pressure to the muscles on the outside of your shins. Work from just below the knee to above the ankle, pausing at points of tension for 10-30 seconds. Repeat on the other leg."
  ],
  "category": "stretching",
  "images": [
    "Anterior_Tibialis-SMR/0.jpg",
    "Anterior_Tibialis-SMR/1.jpg"
  ],
  "id": "Anterior_Tibialis-SMR"
}