{
  "name": "Band Good Morning",
  "force": "pull",
  "level": "beginner",
  "mechanic": "compound",
  "equipment": "bands",
  "primaryMuscles": [
    "hamstrings"
  ],
  "secondaryMuscles": [
    "glutes",
    "lower back"
  ],
  "instructions": [
    "Using a 41 inch band, stand on one end, spreading your feet a small amount. Bend at the hips to loop the end of the band behind your neck. This will be your starting position.",
    "Keeping your legs straight, extend through the hips to come to a near vertical position.",
    "Ensure that you do not round your back as you go down back to the starting position."
  ],
  "category": "powerlifting",
  "images": [
    "Band_Good_Morning/0.jpg",
    "Band_Good_Morning/1.jpg"
  ],
  "id": "Band_Good_Morning"
}