{
  "name": "Barbell Step Ups",
  "force": "push",
  "level": "intermediate",
  "mechanic": "compound",
  "equipment": "barbell",
  "primaryMuscles": [
    "quadriceps"
  ],
  "secondaryMuscles": [
    "calves",
    "glutes",
    "hamstrings",
    "quadriceps"
  ],
  "instructions": [
    "Stand up straight while holding a barbell placed on the back of your shoulders (slightly below the neck) and stand upright behind an elevated platform (such as the one used for spotting behind a flat bench). This is your starting position.",
    "Place the right foot on the elevated platform. Step on the platform by extending the hip and the knee of your right leg. Use the heel mainly to lift the rest of your body up and place the foot of the left leg on the platform as well. Breathe out as you execute the force required to come up.",
    "Step down with the left leg by flexing the hip and knee of the right leg as you inhale. Return to the original standing position by placing the right foot of to next to the left foot on the initial position.",
    "Repeat with the right leg for the recommended amount of repetitions and then perform with the left leg."
  ],
  "category": "strength",
  "images": [
    "Barbell_Step_Ups/0.jpg",
    "Barbell_Step_Ups/1.jpg"
  ],
  "id": "Barbell_Step_Ups"
}