{
  "name": "Barbell Incline Shoulder Raise",
  "force": "push",
  "level": "beginner",
  "mechanic": "compound",
  "equipment": "barbell",
  "primaryMuscles": [
    "shoulders"
  ],
  "secondaryMuscles": [
    "chest"
  ],
  "instructions": [
    "Lie back on an Incline Bench. Using a medium width grip (a grip that is slightly wider than shoulder width), lift the bar from the rack and hold it straight over you with your arms straight. This will be your starting position.",
    "While keeping the arms straight, lift the bar by protracting your shoulder blades, raising the shoulders from the bench as you breathe out.",
    "Bring back the bar to the starting position as you breathe in.",
    "Repeat for the recommended amount of repetitions."
  ],
  "category": "strength",
  "images": [
    "Barbell_Incline_Shoulder_Raise/0.jpg",
    "Barbell_Incline_Shoulder_Raise/1.jpg"
  ],
  "id": "Barbell_Incline_Shoulder_Raise"
}