{
  "name": "Bench Sprint",
  "force": "push",
  "level": "beginner",
  "mechanic": "compound",
  "equipment": "other",
  "primaryMuscles": [
    "quadriceps"
  ],
  "secondaryMuscles": [
    "calves",
    "glutes",
    "hamstrings"
  ],
  "instructions": [
    "Stand on the ground with one foot resting on a bench or box with your heel close to the edge.",
    "Push off with your foot on top of the bench, extending through the hip and knee.",
    "Land with the opposite foot on top of the box, returning your other foot back to the start position.",
    "Continue alternating from one foot to another to complete the set."
  ],
  "category": "plyometrics",
  "images": [
    "Bench_Sprint/0.jpg",
    "Bench_Sprint/1.jpg"
  ],
  "id": "Bench_Sprint"
}