{
  "name": "Body Tricep Press",
  "force": "push",
  "level": "beginner",
  "mechanic": "isolation",
  "equipment": "body only",
  "primaryMuscles": [
    "triceps"
  ],
  "secondaryMuscles": [

  ],
  "instructions": [
    "Position a bar in a rack at chest height.",
    "Standing, take a shoulder width grip on the bar and step a yard or two back, feet together and arms extended so that you are leaning on the bar. This will be your starting position.",
    "Begin by flexing the elbow, lowering yourself towards the bar.",
    "Pause, and then reverse the motion by extending the elbows.",
    "Progress from bodyweight by adding chains over your shoulders."
  ],
  "category": "strength",
  "images": [
    "Body_Tricep_Press/0.jpg",
    "Body_Tricep_Press/1.jpg"
  ],
  "id": "Body_Tricep_Press"
}