{
  "name": "Calf Stretch Elbows Against Wall",
  "force": "static",
  "level": "beginner",
  "mechanic": "isolation",
  "equipment": null,
  "primaryMuscles": [
    "calves"
  ],
  "secondaryMuscles": [

  ],
  "instructions": [
    "Stand facing a wall from a couple feet away.",
    "Lean against the wall, placing your weight on your forearms.",
    "Attempt to keep your heels on the ground. Hold for 10-20 seconds. You may move further or closer the wall, making it more or less difficult, respectively."
  ],
  "category": "stretching",
  "images": [
    "Calf_Stretch_Elbows_Against_Wall/0.jpg",
    "Calf_Stretch_Elbows_Against_Wall/1.jpg"
  ],
  "id": "Calf_Stretch_Elbows_Against_Wall"
}