{
  "name": "Calves-SMR",
  "force": "static",
  "level": "intermediate",
  "mechanic": null,
  "equipment": "foam roll",
  "primaryMuscles": [
    "calves"
  ],
  "secondaryMuscles": [

  ],
  "instructions": [
    "Begin seated on the floor. Place a foam roller underneath your lower leg. Your other leg can either be crossed over the opposite or be placed on the floor, supporting some of your weight. This will be your starting position.",
    "Place your hands to your side or just behind you, and press down to raise your hips off of the floor, placing much of your weight against your calf muscle. Roll from below the knee to above the ankle, pausing at points of tension for 10-30 seconds. Repeat for the other leg."
  ],
  "category": "stretching",
  "images": [
    "Calves-SMR/0.jpg",
    "Calves-SMR/1.jpg"
  ],
  "id": "Calves-SMR"
}