{
  "name": "Dancer's Stretch",
  "force": "static",
  "level": "beginner",
  "mechanic": null,
  "equipment": null,
  "primaryMuscles": [
    "lower back"
  ],
  "secondaryMuscles": [
    "abductors",
    "glutes"
  ],
  "instructions": [
    "Sit up on the floor.",
    "Cross your right leg over your left, keeping the knee bent. Your left leg is straight and down on the floor.",
    "Place your left arm on your right leg and your right hand on the floor.",
    "Rotate your upper body to the right, and hold for 10-20 seconds. Switch sides."
  ],
  "category": "stretching",
  "images": [
    "Dancers_Stretch/0.jpg",
    "Dancers_Stretch/1.jpg"
  ],
  "id": "Dancers_Stretch"
}