{
  "name": "Downward Facing Balance",
  "force": "static",
  "level": "intermediate",
  "mechanic": "isolation",
  "equipment": "exercise ball",
  "primaryMuscles": [
    "glutes"
  ],
  "secondaryMuscles": [
    "abdominals",
    "hamstrings"
  ],
  "instructions": [
    "Lie facedown on top of an exercise ball.",
    "While resting on your stomach on the ball, walk your hands forward along the floor and lift your legs, extending your elbows and knees."
  ],
  "category": "strength",
  "images": [
    "Downward_Facing_Balance/0.jpg",
    "Downward_Facing_Balance/1.jpg"
  ],
  "id": "Downward_Facing_Balance"
}