{
  "name": "Hang Clean - Below the Knees",
  "force": "pull",
  "level": "intermediate",
  "mechanic": "compound",
  "equipment": "barbell",
  "primaryMuscles": [
    "quadriceps"
  ],
  "secondaryMuscles": [
    "calves",
    "forearms",
    "glutes",
    "hamstrings",
    "lower back",
    "shoulders",
    "traps"
  ],
  "instructions": [
    "Begin with a shoulder width, double overhand or hook grip, with the bar hanging just below the knees. Your back should be straight and inclined slightly forward.",
    "Begin by aggressively extending through the hips, knees and ankles, driving the weight upward. As you do so, shrug your shoulders towards your ears. As full extension is achieved, transition into the third pull by aggressively shrugging and flexing the arms with the elbows up and out.",
    "At peak extension, aggressively pull yourself down, rotating your elbows under the bar as you do so. Receive the bar in a front squat position, the depth of which is dependent upon the height of the bar at the end of the third pull. The bar should be racked onto the protracted shoulders, lightly touching the throat with the hands relaxed. Continue to descend to the bottom squat position, which will help in the recovery.",
    "Immediately recover by driving through the heels, keeping the torso upright and elbows up. Continue until you have risen to a standing position."
  ],
  "category": "olympic weightlifting",
  "images": [
    "Hang_Clean_-_Below_the_Knees/0.jpg",
    "Hang_Clean_-_Below_the_Knees/1.jpg"
  ],
  "id": "Hang_Clean_-_Below_the_Knees"
}