{
  "name": "Jogging, Treadmill",
  "force": null,
  "level": "beginner",
  "mechanic": null,
  "equipment": "machine",
  "primaryMuscles": [
    "quadriceps"
  ],
  "secondaryMuscles": [
    "glutes",
    "hamstrings"
  ],
  "instructions": [
    "To begin, step onto the treadmill and select the desired option from the menu. Most treadmills have a manual setting, or you can select a program to run. Typically, you can enter your age and weight to estimate the amount of calories burned during exercise. Elevation can be adjusted to change the intensity of the workout.",
    "Treadmills offer convenience, cardiovascular benefits, and usually have less impact than jogging outside. A 150 lb person will burn almost 250 calories jogging for 30 minutes, compared to more than 450 calories running. Maintain proper posture as you jog, and only hold onto the handles when necessary, such as when dismounting or checking your heart rate."
  ],
  "category": "cardio",
  "images": [
    "Jogging_Treadmill/0.jpg",
    "Jogging_Treadmill/1.jpg"
  ],
  "id": "Jogging_Treadmill"
}