{
  "name": "Kettlebell One-Legged Deadlift",
  "force": "pull",
  "level": "intermediate",
  "mechanic": "compound",
  "equipment": "kettlebells",
  "primaryMuscles": [
    "hamstrings"
  ],
  "secondaryMuscles": [
    "glutes",
    "lower back"
  ],
  "instructions": [
    "Hold a kettlebell by the handle in one hand. Stand on one leg, on the same side that you hold the kettlebell.",
    "Keeping that knee slightly bent, perform a stiff legged deadlift by bending at the hip, extending your free leg behind you for balance.",
    "Continue lowering the kettlebell until you are parallel to the ground, and then return to the upright position."
  ],
  "category": "strength",
  "images": [
    "Kettlebell_One-Legged_Deadlift/0.jpg",
    "Kettlebell_One-Legged_Deadlift/1.jpg"
  ],
  "id": "Kettlebell_One-Legged_Deadlift"
}