{
  "name": "Low Cable Crossover",
  "force": "push",
  "level": "beginner",
  "mechanic": "isolation",
  "equipment": "cable",
  "primaryMuscles": [
    "chest"
  ],
  "secondaryMuscles": [
    "shoulders"
  ],
  "instructions": [
    "To move into the starting position, place the pulleys at the low position, select the resistance to be used and grasp a handle in each hand.",
    "Step forward, gaining tension in the pulleys. Your palms should be facing forward, hands below the waist, and your arms straight. This will be your starting position.",
    "With a slight bend in your arms, draw your hands upward and toward the midline of your body. Your hands should come together in front of your chest, palms facing up.",
    "Return your arms back to the starting position after a brief pause."
  ],
  "category": "strength",
  "images": [
    "Low_Cable_Crossover/0.jpg",
    "Low_Cable_Crossover/1.jpg"
  ],
  "id": "Low_Cable_Crossover"
}