{
  "name": "Machine Triceps Extension",
  "force": "push",
  "level": "beginner",
  "mechanic": "isolation",
  "equipment": "machine",
  "primaryMuscles": [
    "triceps"
  ],
  "secondaryMuscles": [

  ],
  "instructions": [
    "Adjust the seat to the appropriate height and make your weight selection. Place your upper arms against the pads and grasp the handles. This will be your starting position.",
    "Perform the movement by extending the elbow, pulling your lower arm away from your upper arm.",
    "Pause at the completion of the movement, and then slowly return the weight to the starting position.",
    "Avoid returning the weight all the way to the stops until the set is complete to keep tension on the muscles being worked."
  ],
  "category": "strength",
  "images": [
    "Machine_Triceps_Extension/0.jpg",
    "Machine_Triceps_Extension/1.jpg"
  ],
  "id": "Machine_Triceps_Extension"
}